region_group,hub,city,avg_gpu_hourly_rate,hourly_electricity_cost,implied_hardware_margin,cost_per_million_tokens,water_liters_per_hr,ambient_temp_c,active_nodes,measured_nodes,bridged_nodes,estimated_nodes,timestamp
AMERICAS,US-OR,Portland,4.6512,0.0726,4.5786,0.2157,0.8067,23.7,23,0,10,13,2026-10-03 22:52:13.370236+00:00
AMERICAS,US-IL,Chicago,7.1496,0.0995,7.0503,0.2583,0.497,15.5,8,0,4,4,2026-10-03 22:52:13.370236+00:00
APAC,India,Mumbai,4.5588,0.0897,4.4692,0.3371,0.7917,26.3,36,0,8,28,2026-10-03 22:52:13.370236+00:00
AMERICAS,Brazil,Sao Paulo,7.3595,0.098,7.2614,0.4754,0.511,18.6,10,0,2,8,2026-10-03 22:52:13.370236+00:00
AMERICAS,US-WA,Seattle,4.2685,0.0658,4.2029,0.3121,0.4618,17.4,6,0,2,4,2026-10-03 22:52:13.370236+00:00
AMERICAS,US-VA,Ashburn,3.2875,0.0777,3.2098,0.2367,0.4517,16.6,33,0,7,26,2026-10-03 22:52:13.370236+00:00
AMERICAS,US-IA,Des Moines,5.8549,0.0761,5.7787,0.2285,0.6937,20.2,11,1,5,5,2026-10-03 22:52:13.370236+00:00
AMERICAS,US-TX,Dallas,6.0741,0.0704,6.0039,0.278,0.8343,23.5,9,0,4,5,2026-10-03 22:52:13.370236+00:00
APAC,Australia,Sydney,7.0127,0.1511,6.8616,0.3374,0.558,18.1,14,0,6,8,2026-10-03 22:52:13.370236+00:00
AMERICAS,US-CA,Santa Clara,7.8997,0.2201,7.6797,0.2708,1.3364,33.1,11,0,7,4,2026-10-03 22:52:13.370236+00:00
AFRICA,South Africa,Johannesburg,14.1803,0.117,14.0632,0.4174,0.3907,12.6,3,0,2,1,2026-10-03 22:52:13.370236+00:00
MENA,UAE,Dubai,6.7382,0.0793,6.6589,0.3315,1.037,30.4,12,0,5,7,2026-10-03 22:52:13.370236+00:00
APAC,Indonesia,Jakarta,5.55,0.0848,5.4653,0.3203,0.835,26.4,6,0,3,3,2026-10-03 22:52:13.370236+00:00
AMERICAS,US-AZ,Phoenix,6.0151,0.0921,5.923,0.2413,1.3368,35.1,9,0,4,5,2026-10-03 22:52:13.370236+00:00
AMERICAS,Canada,Toronto,5.4297,0.0671,5.3628,0.3145,0.3509,13.4,12,0,4,8,2026-10-03 22:52:13.370236+00:00
EUROPE,United Kingdom,London,5.9308,0.2939,5.637,0.3066,0.5036,17.1,14,1,5,8,2026-10-03 22:52:13.370236+00:00
AMERICAS,US-NV,Las Vegas,0.655,0.0705,0.5846,0.0914,1.0228,35.1,4,0,0,4,2026-10-03 22:52:13.370236+00:00
APAC,South Korea,Seoul,6.3926,0.1115,6.2811,0.3131,0.4114,14.4,17,0,7,10,2026-10-03 22:52:13.370236+00:00
EUROPE,Netherlands,Amsterdam,7.0505,0.169,6.8815,0.3274,0.522,16.6,8,0,3,5,2026-10-03 22:52:13.370236+00:00
EUROPE,France,Paris,3.3119,0.145,3.1669,0.2427,0.4509,16.7,16,2,4,10,2026-10-03 22:52:13.370236+00:00
AMERICAS,US-OH,Columbus,4.1186,0.0839,4.0348,0.2054,0.5191,17.4,23,4,7,12,2026-10-03 22:52:13.370236+00:00
EUROPE,Finland,Helsinki,4.5463,0.1161,4.4302,0.0883,0.3598,12.0,14,2,6,6,2026-10-03 22:52:13.370236+00:00
APAC,Malaysia,Kuala Lumpur,9.5783,0.117,9.4615,0.218,1.037,24.2,3,0,3,0,2026-10-03 22:52:13.370236+00:00
EUROPE,Ukraine,Kyiv,0.5167,0.0819,0.4348,0.0511,0.169,8.9,3,3,0,0,2026-10-03 22:52:13.370236+00:00
EUROPE,Germany,Frankfurt,3.1692,0.1768,2.9923,0.2378,0.3271,13.5,50,7,10,33,2026-10-03 22:52:13.370236+00:00
EUROPE,Ireland,Dublin,5.0599,0.1728,4.8872,0.2263,0.3639,13.2,11,0,3,8,2026-10-03 22:52:13.370236+00:00
EUROPE,Switzerland,Zurich,8.1994,0.1939,8.0053,0.3655,0.4674,15.1,7,0,3,4,2026-10-03 22:52:13.370236+00:00
EUROPE,Sweden,Stockholm,8.2195,0.0995,8.1201,0.3128,0.3735,12.7,8,0,4,4,2026-10-03 22:52:13.370236+00:00
APAC,Japan,Tokyo,6.4682,0.1666,6.3016,0.3332,0.5073,17.2,26,1,8,17,2026-10-03 22:52:13.370236+00:00
APAC,Singapore,Singapore,4.6343,0.1553,4.4789,0.1847,0.7551,23.7,15,4,4,7,2026-10-03 22:52:13.370236+00:00
EUROPE,Italy,Milan,6.2742,0.234,6.0402,0.308,0.466,16.2,6,0,1,5,2026-10-03 22:52:13.370236+00:00
EUROPE,Poland,Warsaw,5.6635,0.1489,5.5147,0.2761,0.3435,12.9,11,0,4,7,2026-10-03 22:52:13.370236+00:00
EUROPE,Spain,Madrid,8.4188,0.1547,8.2641,0.3186,0.5855,17.5,8,0,4,4,2026-10-03 22:52:13.370236+00:00
AMERICAS,US-OH,Columbus,4.1186,0.0839,4.0348,0.2054,0.3133,12.2,23,4,7,12,2026-10-04 02:33:09.135134+00:00
APAC,Singapore,Singapore,4.6343,0.1553,4.4789,0.1847,1.023,30.6,15,4,4,7,2026-10-04 02:33:09.135134+00:00
EUROPE,France,Paris,3.3119,0.145,3.1669,0.2427,0.3678,14.4,16,2,4,10,2026-10-04 02:33:09.135134+00:00
AMERICAS,US-VA,Ashburn,3.2875,0.0777,3.2098,0.2367,0.3895,14.9,33,0,7,26,2026-10-04 02:33:09.135134+00:00
APAC,Malaysia,Kuala Lumpur,9.5783,0.117,9.4615,0.218,1.225,27.8,3,0,3,0,2026-10-04 02:33:09.135134+00:00
APAC,South Korea,Seoul,6.3926,0.1115,6.2811,0.3131,0.6749,20.9,17,0,7,10,2026-10-04 02:33:09.135134+00:00
EUROPE,Germany,Frankfurt,3.1692,0.1768,2.9923,0.2378,0.2632,11.7,50,7,10,33,2026-10-04 02:33:09.135134+00:00
EUROPE,Sweden,Stockholm,8.2195,0.0995,8.1201,0.3128,0.329,11.7,8,0,4,4,2026-10-04 02:33:09.135134+00:00
EUROPE,Spain,Madrid,8.4188,0.1547,8.2641,0.3186,0.559,16.9,8,0,4,4,2026-10-04 02:33:09.135134+00:00
APAC,Japan,Tokyo,6.4682,0.1666,6.3016,0.3332,0.6838,21.7,26,1,8,17,2026-10-04 02:33:09.135134+00:00
EUROPE,Switzerland,Zurich,8.1994,0.1939,8.0053,0.3655,0.3856,13.2,7,0,3,4,2026-10-04 02:33:09.135134+00:00
EUROPE,Finland,Helsinki,4.5463,0.1161,4.4302,0.0883,0.374,12.3,14,2,6,6,2026-10-04 02:33:09.135134+00:00
EUROPE,Italy,Milan,6.2742,0.234,6.0402,0.308,0.3762,13.9,6,0,1,5,2026-10-04 02:33:09.135134+00:00
EUROPE,Netherlands,Amsterdam,7.0505,0.169,6.8815,0.3274,0.4879,15.8,8,0,3,5,2026-10-04 02:33:09.135134+00:00
EUROPE,Ireland,Dublin,5.0599,0.1728,4.8872,0.2263,0.3072,11.8,11,0,3,8,2026-10-04 02:33:09.135134+00:00
EUROPE,Poland,Warsaw,5.6635,0.1489,5.5147,0.2761,0.2955,11.7,11,0,4,7,2026-10-04 02:33:09.135134+00:00
APAC,India,Mumbai,4.5588,0.0897,4.4692,0.3371,0.8235,27.2,36,0,8,28,2026-10-04 02:33:09.135134+00:00
MENA,UAE,Dubai,6.7382,0.0793,6.6589,0.3315,0.9972,29.4,12,0,5,7,2026-10-04 02:33:09.135134+00:00
APAC,Australia,Sydney,7.0127,0.1511,6.8616,0.3374,0.7678,23.3,14,0,6,8,2026-10-04 02:33:09.135134+00:00
AMERICAS,Canada,Toronto,5.4297,0.0671,5.3628,0.3145,0.2624,11.1,12,0,4,8,2026-10-04 02:33:09.135134+00:00
AMERICAS,US-AZ,Phoenix,6.0151,0.0921,5.923,0.2413,1.1246,30.2,9,0,4,5,2026-10-04 02:33:09.135134+00:00
AMERICAS,US-NV,Las Vegas,0.655,0.0705,0.5846,0.0914,0.857,30.1,4,0,0,4,2026-10-04 02:33:09.135134+00:00
AMERICAS,US-CA,Santa Clara,7.8997,0.2201,7.6797,0.2708,1.0031,25.9,11,0,7,4,2026-10-04 02:33:09.135134+00:00
AFRICA,South Africa,Johannesburg,14.1803,0.117,14.0632,0.4174,0.2737,10.1,3,0,2,1,2026-10-04 02:33:09.135134+00:00
APAC,Indonesia,Jakarta,5.55,0.0848,5.4653,0.3203,1.039,31.8,6,0,3,3,2026-10-04 02:33:09.135134+00:00
AMERICAS,Brazil,Sao Paulo,7.3595,0.098,7.2614,0.4754,0.4648,17.3,10,0,2,8,2026-10-04 02:33:09.135134+00:00
AMERICAS,US-TX,Dallas,6.0741,0.0704,6.0039,0.278,0.8083,22.9,9,0,4,5,2026-10-04 02:33:09.135134+00:00
AMERICAS,US-OR,Portland,4.6512,0.0726,4.5786,0.2157,0.6285,19.4,23,0,10,13,2026-10-04 02:33:09.135134+00:00
AMERICAS,US-WA,Seattle,4.2685,0.0658,4.2029,0.3121,0.3705,14.8,6,0,2,4,2026-10-04 02:33:09.135134+00:00
AMERICAS,US-IL,Chicago,7.1496,0.0995,7.0503,0.2583,0.4175,13.7,8,0,4,4,2026-10-04 02:33:09.135134+00:00
EUROPE,United Kingdom,London,5.9308,0.2939,5.637,0.3066,0.4175,14.9,14,1,5,8,2026-10-04 02:33:09.135134+00:00
EUROPE,Ukraine,Kyiv,0.5167,0.0819,0.4348,0.0511,0.147,8.3,3,3,0,0,2026-10-04 02:33:09.135134+00:00
AMERICAS,US-IA,Des Moines,5.8549,0.0761,5.7787,0.2285,0.5284,16.4,11,1,5,5,2026-10-04 02:33:09.135134+00:00
AMERICAS,US-IA,Des Moines,5.8549,0.0761,5.7787,0.2285,0.3547,12.4,11,1,5,5,2026-10-04 08:45:39.150944+00:00
AFRICA,South Africa,Johannesburg,14.1803,0.117,14.0632,0.4174,0.6057,17.2,3,0,2,1,2026-10-04 08:45:39.150944+00:00
AMERICAS,Brazil,Sao Paulo,7.3595,0.098,7.2614,0.4754,0.4826,17.8,10,0,2,8,2026-10-04 08:45:39.150944+00:00
AMERICAS,Canada,Toronto,5.1121,0.069,5.0433,0.2932,0.2541,10.7,13,0,5,8,2026-10-04 08:45:39.150944+00:00
AMERICAS,US-CA,Santa Clara,7.2998,0.2161,7.0837,0.2564,0.7304,20.3,12,0,7,5,2026-10-04 08:45:39.150944+00:00
APAC,Indonesia,Jakarta,5.55,0.0848,5.4653,0.3203,1.039,31.8,6,0,3,3,2026-10-04 08:45:39.150944+00:00
AMERICAS,US-WA,Seattle,4.2685,0.0658,4.2029,0.3121,0.244,11.2,6,0,2,4,2026-10-04 08:45:39.150944+00:00
AMERICAS,US-TX,Dallas,6.0663,0.0704,5.9961,0.2778,0.7774,22.2,9,0,4,5,2026-10-04 08:45:39.150944+00:00
AMERICAS,US-NV,Las Vegas,0.655,0.0705,0.5846,0.0914,0.6547,24.0,4,0,0,4,2026-10-04 08:45:39.150944+00:00
APAC,Australia,Sydney,6.9949,0.1511,6.8438,0.3373,0.5421,17.7,14,0,6,8,2026-10-04 08:45:39.150944+00:00
AMERICAS,US-IL,Chicago,7.1496,0.0995,7.0503,0.2583,0.2895,10.8,8,0,4,4,2026-10-04 08:45:39.150944+00:00
AMERICAS,US-OR,Portland,4.6512,0.0726,4.5786,0.2157,0.4627,15.4,23,0,10,13,2026-10-04 08:45:39.150944+00:00
AMERICAS,US-VA,Ashburn,3.2854,0.0777,3.2077,0.2367,0.4186,15.7,33,0,7,26,2026-10-04 08:45:39.150944+00:00
EUROPE,United Kingdom,London,6.1947,0.2955,5.8993,0.3238,0.4235,15.0,13,0,5,8,2026-10-04 08:45:39.150944+00:00
MENA,UAE,Dubai,6.7382,0.0793,6.6589,0.3315,1.2551,35.9,12,0,5,7,2026-10-04 08:45:39.150944+00:00
APAC,India,Mumbai,4.5588,0.0897,4.4692,0.3371,1.1146,35.3,36,0,8,28,2026-10-04 08:45:39.150944+00:00
AMERICAS,US-AZ,Phoenix,6.0151,0.0921,5.923,0.2413,1.0206,27.8,9,0,4,5,2026-10-04 08:45:39.150944+00:00
APAC,Singapore,Singapore,4.1702,0.1476,4.0227,0.175,0.8834,28.2,16,5,3,8,2026-10-04 08:45:39.150944+00:00
APAC,South Korea,Seoul,6.3926,0.1115,6.2811,0.3131,0.6992,21.5,17,0,7,10,2026-10-04 08:45:39.150944+00:00
EUROPE,Finland,Helsinki,4.3271,0.1105,4.2165,0.0966,0.4395,14.2,18,4,5,9,2026-10-04 08:45:39.150944+00:00
EUROPE,Ireland,Dublin,5.0599,0.1728,4.8872,0.2263,0.4492,15.3,11,0,3,8,2026-10-04 08:45:39.150944+00:00
EUROPE,Netherlands,Amsterdam,7.0505,0.169,6.8815,0.3274,0.475,15.5,8,0,3,5,2026-10-04 08:45:39.150944+00:00
EUROPE,Italy,Milan,6.2742,0.234,6.0402,0.308,0.556,18.5,6,0,1,5,2026-10-04 08:45:39.150944+00:00
EUROPE,Sweden,Stockholm,8.2195,0.0995,8.1201,0.3128,0.409,13.5,8,0,4,4,2026-10-04 08:45:39.150944+00:00
EUROPE,Ukraine,Kyiv,0.4833,0.0819,0.4014,0.047,0.417,15.7,3,3,0,0,2026-10-04 08:45:39.150944+00:00
EUROPE,France,Paris,3.4888,0.1404,3.3484,0.267,0.3809,15.1,14,1,3,10,2026-10-04 08:45:39.150944+00:00
EUROPE,Switzerland,Zurich,8.1994,0.1939,8.0053,0.3655,0.4889,15.6,7,0,3,4,2026-10-04 08:45:39.150944+00:00
APAC,Malaysia,Kuala Lumpur,9.5783,0.117,9.4615,0.218,1.271,28.7,3,0,3,0,2026-10-04 08:45:39.150944+00:00
AMERICAS,US-OH,Columbus,4.1155,0.0839,4.0317,0.2053,0.1754,8.7,23,4,7,12,2026-10-04 08:45:39.150944+00:00
EUROPE,Poland,Warsaw,5.6632,0.1489,5.5144,0.2761,0.4905,16.6,11,0,4,7,2026-10-04 08:45:39.150944+00:00
APAC,Japan,Tokyo,6.4682,0.1666,6.3016,0.3332,0.6213,20.1,26,1,8,17,2026-10-04 08:45:39.150944+00:00
EUROPE,Romania,Bucharest,0.94,0.1365,0.8035,0.0436,0.519,18.5,3,3,0,0,2026-10-04 08:45:39.150944+00:00
EUROPE,Germany,Frankfurt,3.167,0.1768,2.9901,0.2369,0.3767,14.9,50,7,10,33,2026-10-04 08:45:39.150944+00:00
EUROPE,Spain,Madrid,8.4188,0.1547,8.2641,0.3186,0.5945,17.7,8,0,4,4,2026-10-04 08:45:39.150944+00:00
EUROPE,Finland,Helsinki,4.3271,0.1105,4.2165,0.0966,0.4395,14.2,18,4,5,9,2026-10-04 14:45:52.206100+00:00
EUROPE,Germany,Frankfurt,3.167,0.1768,2.9901,0.2369,0.5955,21.1,50,7,10,33,2026-10-04 14:45:52.206100+00:00
EUROPE,Italy,Milan,6.2742,0.234,6.0402,0.308,0.7745,24.1,6,0,1,5,2026-10-04 14:45:52.206100+00:00
EUROPE,Netherlands,Amsterdam,7.0505,0.169,6.8815,0.3274,0.6862,20.5,8,0,3,5,2026-10-04 14:45:52.206100+00:00
EUROPE,United Kingdom,London,6.1947,0.2955,5.8993,0.3238,0.6837,21.6,13,0,5,8,2026-10-04 14:45:52.206100+00:00
EUROPE,Sweden,Stockholm,8.2195,0.0995,8.1201,0.3128,0.5015,15.6,8,0,4,4,2026-10-04 14:45:52.206100+00:00
APAC,Singapore,Singapore,4.1702,0.1476,4.0227,0.175,0.8209,26.5,16,5,3,8,2026-10-04 14:45:52.206100+00:00
APAC,Malaysia,Kuala Lumpur,9.5783,0.117,9.4615,0.218,1.141,26.2,3,0,3,0,2026-10-04 14:45:52.206100+00:00
EUROPE,Ukraine,Kyiv,0.4833,0.0819,0.4014,0.047,0.471,17.2,3,3,0,0,2026-10-04 14:45:52.206100+00:00
EUROPE,Ireland,Dublin,5.0599,0.1728,4.8872,0.2263,0.5955,18.9,11,0,3,8,2026-10-04 14:45:52.206100+00:00
EUROPE,Poland,Warsaw,5.6632,0.1489,5.5144,0.2761,0.4865,16.5,11,0,4,7,2026-10-04 14:45:52.206100+00:00
APAC,Japan,Tokyo,6.4682,0.1666,6.3016,0.3332,0.5352,17.9,26,1,8,17,2026-10-04 14:45:52.206100+00:00
EUROPE,Romania,Bucharest,0.94,0.1365,0.8035,0.0436,0.664,22.5,3,3,0,0,2026-10-04 14:45:52.206100+00:00
APAC,South Korea,Seoul,6.3926,0.1115,6.2811,0.3131,0.5245,17.2,17,0,7,10,2026-10-04 14:45:52.206100+00:00
EUROPE,Switzerland,Zurich,8.1994,0.1939,8.0053,0.3655,0.8427,23.8,7,0,3,4,2026-10-04 14:45:52.206100+00:00
EUROPE,France,Paris,3.4888,0.1404,3.3484,0.267,0.7143,24.6,14,1,3,10,2026-10-04 14:45:52.206100+00:00
EUROPE,Spain,Madrid,8.4188,0.1547,8.2641,0.3186,0.6605,19.2,8,0,4,4,2026-10-04 14:45:52.206100+00:00
MENA,UAE,Dubai,6.7382,0.0793,6.6589,0.3315,1.136,32.9,12,0,5,7,2026-10-04 14:45:52.206100+00:00
AMERICAS,US-IA,Des Moines,5.8549,0.0761,5.7787,0.2285,0.4674,15.0,11,1,5,5,2026-10-04 14:45:52.206100+00:00
APAC,Indonesia,Jakarta,5.55,0.0848,5.4653,0.3203,0.8315,26.3,6,0,3,3,2026-10-04 14:45:52.206100+00:00
AMERICAS,Brazil,Sao Paulo,7.3595,0.098,7.2614,0.4754,0.7499,25.3,10,0,2,8,2026-10-04 14:45:52.206100+00:00
AMERICAS,US-AZ,Phoenix,6.0151,0.0921,5.923,0.2413,1.0421,28.3,9,0,4,5,2026-10-04 14:45:52.206100+00:00
AMERICAS,US-CA,Santa Clara,7.2998,0.2161,7.0837,0.2564,0.63,18.1,12,0,7,5,2026-10-04 14:45:52.206100+00:00
APAC,India,Mumbai,4.5588,0.0897,4.4692,0.3371,0.9172,29.8,36,0,8,28,2026-10-04 14:45:52.206100+00:00
APAC,Australia,Sydney,6.9949,0.1511,6.8438,0.3373,0.4254,14.8,14,0,6,8,2026-10-04 14:45:52.206100+00:00
AMERICAS,Canada,Toronto,5.1121,0.069,5.0433,0.2932,0.4592,15.9,13,0,5,8,2026-10-04 14:45:52.206100+00:00
AFRICA,South Africa,Johannesburg,14.1803,0.117,14.0632,0.4174,0.6577,18.3,3,0,2,1,2026-10-04 14:45:52.206100+00:00
AMERICAS,US-OH,Columbus,4.1155,0.0839,4.0317,0.2053,0.3967,14.3,23,4,7,12,2026-10-04 14:45:52.206100+00:00
AMERICAS,US-OR,Portland,4.6512,0.0726,4.5786,0.2157,0.3548,12.8,23,0,10,13,2026-10-04 14:45:52.206100+00:00
AMERICAS,US-IL,Chicago,7.1496,0.0995,7.0503,0.2583,0.4575,14.6,8,0,4,4,2026-10-04 14:45:52.206100+00:00
AMERICAS,US-TX,Dallas,6.0663,0.0704,5.9961,0.2778,0.7476,21.5,9,0,4,5,2026-10-04 14:45:52.206100+00:00
AMERICAS,US-WA,Seattle,4.2685,0.0658,4.2029,0.3121,0.223,10.6,6,0,2,4,2026-10-04 14:45:52.206100+00:00
AMERICAS,US-NV,Las Vegas,0.655,0.0705,0.5846,0.0914,0.6248,23.1,4,0,0,4,2026-10-04 14:45:52.206100+00:00
AMERICAS,US-VA,Ashburn,3.2854,0.0777,3.2077,0.2367,0.4109,15.5,33,0,7,26,2026-10-04 14:45:52.206100+00:00
AMERICAS,US-TX,Dallas,6.0663,0.0704,5.9961,0.2778,0.8476,23.8,9,0,4,5,2026-10-04 18:37:39.557201+00:00
MENA,UAE,Dubai,6.7382,0.0793,6.6589,0.3315,1.0881,31.7,12,0,5,7,2026-10-04 18:37:39.557201+00:00
APAC,Indonesia,Jakarta,5.55,0.0848,5.4653,0.3203,0.884,27.7,6,0,3,3,2026-10-04 18:37:39.557201+00:00
AFRICA,South Africa,Johannesburg,14.1803,0.117,14.0632,0.4174,0.531,15.6,3,0,2,1,2026-10-04 18:37:39.557201+00:00
AMERICAS,Brazil,Sao Paulo,7.3595,0.098,7.2614,0.4754,0.5754,20.4,10,0,2,8,2026-10-04 18:37:39.557201+00:00
AMERICAS,US-CA,Santa Clara,7.2998,0.2161,7.0837,0.2564,1.1035,28.5,12,0,7,5,2026-10-04 18:37:39.557201+00:00
AMERICAS,Canada,Toronto,5.1121,0.069,5.0433,0.2932,0.5692,18.7,13,0,5,8,2026-10-04 18:37:39.557201+00:00
AMERICAS,US-IL,Chicago,7.1496,0.0995,7.0503,0.2583,0.727,20.7,8,0,4,4,2026-10-04 18:37:39.557201+00:00
AMERICAS,US-AZ,Phoenix,6.0151,0.0921,5.923,0.2413,1.3284,34.9,9,0,4,5,2026-10-04 18:37:39.557201+00:00
APAC,Australia,Sydney,6.9949,0.1511,6.8438,0.3373,0.4008,14.2,14,0,6,8,2026-10-04 18:37:39.557201+00:00
EUROPE,United Kingdom,London,6.1947,0.2955,5.8993,0.3238,0.6325,20.3,13,0,5,8,2026-10-04 18:37:39.557201+00:00
AMERICAS,US-NV,Las Vegas,0.655,0.0705,0.5846,0.0914,0.9762,33.7,4,0,0,4,2026-10-04 18:37:39.557201+00:00
AMERICAS,US-OR,Portland,4.6512,0.0726,4.5786,0.2157,0.5829,18.3,23,0,10,13,2026-10-04 18:37:39.557201+00:00
AMERICAS,US-IA,Des Moines,5.8549,0.0761,5.7787,0.2285,0.6937,20.2,11,1,5,5,2026-10-04 18:37:39.557201+00:00
AMERICAS,US-VA,Ashburn,3.2854,0.0777,3.2077,0.2367,0.4731,17.2,33,0,7,26,2026-10-04 18:37:39.557201+00:00
APAC,India,Mumbai,4.5588,0.0897,4.4692,0.3371,0.8848,28.9,36,0,8,28,2026-10-04 18:37:39.557201+00:00
AMERICAS,US-WA,Seattle,4.2685,0.0658,4.2029,0.3121,0.3492,14.2,6,0,2,4,2026-10-04 18:37:39.557201+00:00
EUROPE,Netherlands,Amsterdam,7.0505,0.169,6.8815,0.3274,0.5596,17.5,8,0,3,5,2026-10-04 18:37:39.557201+00:00
EUROPE,Germany,Frankfurt,3.167,0.1768,2.9901,0.2369,0.4546,17.1,50,7,10,33,2026-10-04 18:37:39.557201+00:00
AMERICAS,US-OH,Columbus,4.1155,0.0839,4.0317,0.2053,0.673,21.3,23,4,7,12,2026-10-04 18:37:39.557201+00:00
APAC,Japan,Tokyo,6.4682,0.1666,6.3016,0.3332,0.4878,16.7,26,1,8,17,2026-10-04 18:37:39.557201+00:00
APAC,South Korea,Seoul,6.3926,0.1115,6.2811,0.3131,0.4521,15.4,17,0,7,10,2026-10-04 18:37:39.557201+00:00
EUROPE,Finland,Helsinki,4.3271,0.1105,4.2165,0.0966,0.325,11.6,18,4,5,9,2026-10-04 18:37:39.557201+00:00
EUROPE,Ireland,Dublin,5.0599,0.1728,4.8872,0.2263,0.5919,18.8,11,0,3,8,2026-10-04 18:37:39.557201+00:00
EUROPE,Ukraine,Kyiv,0.4833,0.0819,0.4014,0.047,0.315,12.9,3,3,0,0,2026-10-04 18:37:39.557201+00:00
EUROPE,Italy,Milan,6.2742,0.234,6.0402,0.308,0.6065,19.8,6,0,1,5,2026-10-04 18:37:39.557201+00:00
EUROPE,France,Paris,3.4888,0.1404,3.3484,0.267,0.6229,22.0,14,1,3,10,2026-10-04 18:37:39.557201+00:00
EUROPE,Romania,Bucharest,0.94,0.1365,0.8035,0.0436,0.45,16.6,3,3,0,0,2026-10-04 18:37:39.557201+00:00
EUROPE,Spain,Madrid,8.4188,0.1547,8.2641,0.3186,0.727,20.7,8,0,4,4,2026-10-04 18:37:39.557201+00:00
EUROPE,Switzerland,Zurich,8.1994,0.1939,8.0053,0.3655,0.6873,20.2,7,0,3,4,2026-10-04 18:37:39.557201+00:00
APAC,Malaysia,Kuala Lumpur,9.5783,0.117,9.4615,0.218,1.121,25.8,3,0,3,0,2026-10-04 18:37:39.557201+00:00
APAC,Singapore,Singapore,4.1702,0.1476,4.0227,0.175,0.7875,25.6,16,5,3,8,2026-10-04 18:37:39.557201+00:00
EUROPE,Poland,Warsaw,5.6632,0.1489,5.5144,0.2761,0.4348,15.2,11,0,4,7,2026-10-04 18:37:39.557201+00:00
EUROPE,Sweden,Stockholm,8.2195,0.0995,8.1201,0.3128,0.391,13.1,8,0,4,4,2026-10-04 18:37:39.557201+00:00
EUROPE,Ukraine,Kyiv,0.4833,0.0819,0.4014,0.047,0.227,10.5,3,3,0,0,2026-10-04 21:54:55.074131+00:00
APAC,Japan,Tokyo,6.4682,0.1666,6.3016,0.3332,0.5116,17.3,26,1,8,17,2026-10-04 21:54:55.074131+00:00
APAC,Singapore,Singapore,4.1702,0.1476,4.0227,0.175,0.7541,24.7,16,5,3,8,2026-10-04 21:54:55.074131+00:00
APAC,South Korea,Seoul,6.3926,0.1115,6.2811,0.3131,0.4318,14.9,17,0,7,10,2026-10-04 21:54:55.074131+00:00
EUROPE,Finland,Helsinki,4.3271,0.1105,4.2165,0.0966,0.263,10.2,18,4,5,9,2026-10-04 21:54:55.074131+00:00
EUROPE,Netherlands,Amsterdam,7.0505,0.169,6.8815,0.3274,0.4966,16.0,8,0,3,5,2026-10-04 21:54:55.074131+00:00
EUROPE,Italy,Milan,6.2742,0.234,6.0402,0.308,0.5013,17.1,6,0,1,5,2026-10-04 21:54:55.074131+00:00
EUROPE,Poland,Warsaw,5.6632,0.1489,5.5144,0.2761,0.403,14.4,11,0,4,7,2026-10-04 21:54:55.074131+00:00
EUROPE,Romania,Bucharest,0.94,0.1365,0.8035,0.0436,0.257,11.3,3,3,0,0,2026-10-04 21:54:55.074131+00:00
EUROPE,Spain,Madrid,8.4188,0.1547,8.2641,0.3186,0.5815,17.4,8,0,4,4,2026-10-04 21:54:55.074131+00:00
EUROPE,Sweden,Stockholm,8.2195,0.0995,8.1201,0.3128,0.3645,12.5,8,0,4,4,2026-10-04 21:54:55.074131+00:00
EUROPE,Switzerland,Zurich,8.1994,0.1939,8.0053,0.3655,0.601,18.2,7,0,3,4,2026-10-04 21:54:55.074131+00:00
APAC,Malaysia,Kuala Lumpur,9.5783,0.117,9.4615,0.218,1.063,24.7,3,0,3,0,2026-10-04 21:54:55.074131+00:00
AMERICAS,US-OH,Columbus,4.1155,0.0839,4.0317,0.2053,0.7198,22.5,23,4,7,12,2026-10-04 21:54:55.074131+00:00
EUROPE,Germany,Frankfurt,3.167,0.1768,2.9901,0.2369,0.3058,12.9,50,7,10,33,2026-10-04 21:54:55.074131+00:00
EUROPE,France,Paris,3.4888,0.1404,3.3484,0.267,0.4825,18.0,14,1,3,10,2026-10-04 21:54:55.074131+00:00
EUROPE,Ireland,Dublin,5.0599,0.1728,4.8872,0.2263,0.5385,17.5,11,0,3,8,2026-10-04 21:54:55.074131+00:00
AMERICAS,US-AZ,Phoenix,6.0151,0.0921,5.923,0.2413,1.3931,36.4,9,0,4,5,2026-10-04 21:54:55.074131+00:00
AMERICAS,US-TX,Dallas,6.0663,0.0704,5.9961,0.2778,0.8476,23.8,9,0,4,5,2026-10-04 21:54:55.074131+00:00
APAC,Indonesia,Jakarta,5.55,0.0848,5.4653,0.3203,0.8425,26.6,6,0,3,3,2026-10-04 21:54:55.074131+00:00
AMERICAS,US-IA,Des Moines,5.8549,0.0761,5.7787,0.2285,0.6937,20.2,11,1,5,5,2026-10-04 21:54:55.074131+00:00
AFRICA,South Africa,Johannesburg,14.1803,0.117,14.0632,0.4174,0.3483,11.7,3,0,2,1,2026-10-04 21:54:55.074131+00:00
AMERICAS,Brazil,Sao Paulo,7.3595,0.098,7.2614,0.4754,0.5468,19.6,10,0,2,8,2026-10-04 21:54:55.074131+00:00
AMERICAS,US-CA,Santa Clara,7.2998,0.2161,7.0837,0.2564,1.2898,32.6,12,0,7,5,2026-10-04 21:54:55.074131+00:00
AMERICAS,Canada,Toronto,5.1121,0.069,5.0433,0.2932,0.6085,19.7,13,0,5,8,2026-10-04 21:54:55.074131+00:00
AMERICAS,US-NV,Las Vegas,0.655,0.0705,0.5846,0.0914,1.0555,36.1,4,0,0,4,2026-10-04 21:54:55.074131+00:00
AMERICAS,US-WA,Seattle,4.2685,0.0658,4.2029,0.3121,0.4893,18.2,6,0,2,4,2026-10-04 21:54:55.074131+00:00
APAC,Australia,Sydney,6.9949,0.1511,6.8438,0.3373,0.4574,15.6,14,0,6,8,2026-10-04 21:54:55.074131+00:00
AMERICAS,US-IL,Chicago,7.1496,0.0995,7.0503,0.2583,0.634,18.6,8,0,4,4,2026-10-04 21:54:55.074131+00:00
EUROPE,United Kingdom,London,6.1947,0.2955,5.8993,0.3238,0.5416,18.0,13,0,5,8,2026-10-04 21:54:55.074131+00:00
AMERICAS,US-OR,Portland,4.6512,0.0726,4.5786,0.2157,0.7987,23.5,23,0,10,13,2026-10-04 21:54:55.074131+00:00
MENA,UAE,Dubai,6.7382,0.0793,6.6589,0.3315,1.0288,30.2,12,0,5,7,2026-10-04 21:54:55.074131+00:00
APAC,India,Mumbai,4.5588,0.0897,4.4692,0.3371,0.8312,27.4,36,0,8,28,2026-10-04 21:54:55.074131+00:00
AMERICAS,US-VA,Ashburn,3.2854,0.0777,3.2077,0.2367,0.4699,17.1,33,0,7,26,2026-10-04 21:54:55.074131+00:00
APAC,India,Mumbai,4.5588,0.0897,4.4692,0.3371,0.8024,26.6,36,0,8,28,2026-10-05 00:52:34.836164+00:00
AFRICA,South Africa,Johannesburg,14.1803,0.117,14.0632,0.4174,0.325,11.2,3,0,2,1,2026-10-05 00:52:34.836164+00:00
AMERICAS,Brazil,Sao Paulo,7.3595,0.098,7.2614,0.4754,0.5004,18.3,10,0,2,8,2026-10-05 00:52:34.836164+00:00
AMERICAS,Canada,Toronto,5.1121,0.069,5.0433,0.2932,0.5022,17.0,13,0,5,8,2026-10-05 00:52:34.836164+00:00
AMERICAS,US-CA,Santa Clara,7.2998,0.2161,7.0837,0.2564,1.0305,26.9,12,0,7,5,2026-10-05 00:52:34.836164+00:00
AMERICAS,US-IA,Des Moines,5.8549,0.0761,5.7787,0.2285,0.6283,18.7,11,1,5,5,2026-10-05 00:52:34.836164+00:00
AMERICAS,US-AZ,Phoenix,6.0151,0.0921,5.923,0.2413,1.3108,34.5,9,0,4,5,2026-10-05 00:52:34.836164+00:00
AMERICAS,US-IN,Indianapolis,0.14,0.0468,0.0932,0.0354,0.343,18.9,3,0,0,3,2026-10-05 00:52:34.836164+00:00
AMERICAS,US-TX,Dallas,6.0663,0.0704,5.9961,0.2778,0.8122,23.0,9,0,4,5,2026-10-05 00:52:34.836164+00:00
AMERICAS,US-WA,Seattle,4.2685,0.0658,4.2029,0.3121,0.4933,18.3,6,0,2,4,2026-10-05 00:52:34.836164+00:00
EUROPE,United Kingdom,London,6.1947,0.2955,5.8993,0.3238,0.4395,15.4,13,0,5,8,2026-10-05 00:52:34.836164+00:00
MENA,UAE,Dubai,6.7382,0.0793,6.6589,0.3315,0.9852,29.1,12,0,5,7,2026-10-05 00:52:34.836164+00:00
AMERICAS,US-NV,Las Vegas,0.655,0.0705,0.5846,0.0914,0.9992,34.4,4,0,0,4,2026-10-05 00:52:34.836164+00:00
AMERICAS,US-OH,Columbus,4.1155,0.0839,4.0317,0.2053,0.5422,18.0,23,4,7,12,2026-10-05 00:52:34.836164+00:00
AMERICAS,US-IL,Chicago,7.1496,0.0995,7.0503,0.2583,0.413,13.6,8,0,4,4,2026-10-05 00:52:34.836164+00:00
AMERICAS,US-OR,Portland,4.6512,0.0726,4.5786,0.2157,0.7819,23.1,23,0,10,13,2026-10-05 00:52:34.836164+00:00
APAC,Australia,Sydney,6.9949,0.1511,6.8438,0.3373,0.5866,18.8,14,0,6,8,2026-10-05 00:52:34.836164+00:00
AMERICAS,US-VA,Ashburn,3.2854,0.0777,3.2077,0.2367,0.466,17.0,33,0,7,26,2026-10-05 00:52:34.836164+00:00
EUROPE,Ireland,Dublin,5.0599,0.1728,4.8872,0.2263,0.5059,16.7,11,0,3,8,2026-10-05 00:52:34.836164+00:00
APAC,Indonesia,Jakarta,5.55,0.0848,5.4653,0.3203,0.9405,29.2,6,0,3,3,2026-10-05 00:52:34.836164+00:00
APAC,Malaysia,Kuala Lumpur,9.5783,0.117,9.4615,0.218,1.152,26.4,3,0,3,0,2026-10-05 00:52:34.836164+00:00
APAC,Singapore,Singapore,4.1702,0.1476,4.0227,0.175,0.8652,27.7,16,5,3,8,2026-10-05 00:52:34.836164+00:00
APAC,South Korea,Seoul,6.3926,0.1115,6.2811,0.3131,0.5209,17.1,17,0,7,10,2026-10-05 00:52:34.836164+00:00
AMERICAS,US-NY,New York,0.2067,0.0763,0.1304,0.0302,0.273,14.1,3,1,0,2,2026-10-05 00:52:34.836164+00:00
EUROPE,France,Paris,3.4888,0.1404,3.3484,0.267,0.4019,15.7,14,1,3,10,2026-10-05 00:52:34.836164+00:00
EUROPE,Ukraine,Kyiv,0.4833,0.0819,0.4014,0.047,0.246,11.0,3,3,0,0,2026-10-05 00:52:34.836164+00:00
EUROPE,Italy,Milan,6.2742,0.234,6.0402,0.308,0.4425,15.6,6,0,1,5,2026-10-05 00:52:34.836164+00:00
EUROPE,Netherlands,Amsterdam,7.0505,0.169,6.8815,0.3274,0.4459,14.8,8,0,3,5,2026-10-05 00:52:34.836164+00:00
EUROPE,Romania,Bucharest,0.94,0.1365,0.8035,0.0436,0.166,8.8,3,3,0,0,2026-10-05 00:52:34.836164+00:00
EUROPE,Spain,Madrid,8.4188,0.1547,8.2641,0.3186,0.537,16.4,8,0,4,4,2026-10-05 00:52:34.836164+00:00
EUROPE,Sweden,Stockholm,8.2195,0.0995,8.1201,0.3128,0.3425,12.0,8,0,4,4,2026-10-05 00:52:34.836164+00:00
EUROPE,Switzerland,Zurich,8.1994,0.1939,8.0053,0.3655,0.541,16.8,7,0,3,4,2026-10-05 00:52:34.836164+00:00
APAC,Japan,Tokyo,6.4682,0.1666,6.3016,0.3332,0.5822,19.1,26,1,8,17,2026-10-05 00:52:34.836164+00:00
EUROPE,Germany,Frankfurt,3.167,0.1768,2.9901,0.2369,0.2104,10.2,50,7,10,33,2026-10-05 00:52:34.836164+00:00
EUROPE,Finland,Helsinki,4.3271,0.1105,4.2165,0.0966,0.2805,10.6,18,4,5,9,2026-10-05 00:52:34.836164+00:00
EUROPE,Poland,Warsaw,5.6632,0.1489,5.5144,0.2761,0.3356,12.7,11,0,4,7,2026-10-05 00:52:34.836164+00:00
EUROPE,Ireland,Dublin,5.0599,0.1728,4.8872,0.2263,0.5105,16.8,11,0,3,8,2026-10-05 06:58:17.018449+00:00
APAC,Singapore,Singapore,3.728,0.1416,3.5864,0.1598,0.9681,31.6,18,5,3,10,2026-10-05 06:58:17.018449+00:00
APAC,South Korea,Seoul,6.3926,0.1115,6.2811,0.3131,0.614,19.4,17,0,7,10,2026-10-05 06:58:17.018449+00:00
EUROPE,Finland,Helsinki,4.7363,0.1052,4.631,0.1104,0.3216,11.9,11,3,1,7,2026-10-05 06:58:17.018449+00:00
AMERICAS,US-NV,Las Vegas,0.6875,0.0705,0.6171,0.0959,0.6912,25.1,4,0,0,4,2026-10-05 06:58:17.018449+00:00
EUROPE,Germany,Frankfurt,3.1245,0.1756,2.9488,0.2377,0.1386,8.2,51,7,10,34,2026-10-05 06:58:17.018449+00:00
EUROPE,Ukraine,Kyiv,0.4467,0.0819,0.3648,0.0435,0.308,12.7,3,3,0,0,2026-10-05 06:58:17.018449+00:00
APAC,Malaysia,Kuala Lumpur,9.5783,0.117,9.4615,0.218,1.23,27.9,3,0,3,0,2026-10-05 06:58:17.018449+00:00
EUROPE,Poland,Warsaw,5.2762,0.1438,5.1325,0.2768,0.3509,13.4,12,0,4,8,2026-10-05 06:58:17.018449+00:00
EUROPE,Romania,Bucharest,0.9467,0.1365,0.8102,0.044,0.249,11.1,3,3,0,0,2026-10-05 06:58:17.018449+00:00
EUROPE,Spain,Madrid,7.5389,0.1517,7.3873,0.2866,0.4657,15.0,9,1,4,4,2026-10-05 06:58:17.018449+00:00
EUROPE,Sweden,Stockholm,8.2195,0.0995,8.1201,0.3128,0.369,12.6,8,0,4,4,2026-10-05 06:58:17.018449+00:00
EUROPE,Switzerland,Zurich,8.1994,0.1939,8.0053,0.3655,0.4933,15.7,7,0,3,4,2026-10-05 06:58:17.018449+00:00
APAC,Japan,Tokyo,6.2397,0.1662,6.0736,0.3222,0.6669,21.3,27,2,8,17,2026-10-05 06:58:17.018449+00:00
EUROPE,Italy,Milan,6.2742,0.234,6.0402,0.308,0.419,15.0,6,0,1,5,2026-10-05 06:58:17.018449+00:00
EUROPE,Netherlands,Amsterdam,7.0505,0.169,6.8815,0.3274,0.3866,13.4,8,0,3,5,2026-10-05 06:58:17.018449+00:00
APAC,Indonesia,Jakarta,5.55,0.0848,5.4653,0.3203,1.0955,33.3,6,0,3,3,2026-10-05 06:58:17.018449+00:00
EUROPE,France,Paris,3.4705,0.1352,3.3354,0.2837,0.3159,13.6,13,1,2,10,2026-10-05 06:58:17.018449+00:00
APAC,Australia,Sydney,7.0127,0.1511,6.8616,0.3374,0.5904,18.9,14,0,6,8,2026-10-05 06:58:17.018449+00:00
AMERICAS,US-IL,Chicago,7.1496,0.0995,7.0503,0.2583,0.2015,8.8,8,0,4,4,2026-10-05 06:58:17.018449+00:00
AFRICA,South Africa,Johannesburg,14.1803,0.117,14.0632,0.4174,0.5123,15.2,3,0,2,1,2026-10-05 06:58:17.018449+00:00
AMERICAS,Brazil,Sao Paulo,7.3595,0.098,7.2614,0.4754,0.4432,16.7,10,0,2,8,2026-10-05 06:58:17.018449+00:00
AMERICAS,Canada,Toronto,5.1121,0.069,5.0433,0.2932,0.2541,10.7,13,0,5,8,2026-10-05 06:58:17.018449+00:00
AMERICAS,US-IN,Indianapolis,0.14,0.0468,0.0932,0.0354,0.17,11.5,3,0,0,3,2026-10-05 06:58:17.018449+00:00
AMERICAS,US-CA,Santa Clara,7.2998,0.2161,7.0837,0.2564,0.7988,21.8,12,0,7,5,2026-10-05 06:58:17.018449+00:00
AMERICAS,US-IA,Des Moines,5.8549,0.0761,5.7787,0.2285,0.2848,10.8,11,1,5,5,2026-10-05 06:58:17.018449+00:00
MENA,UAE,Dubai,6.7382,0.0793,6.6589,0.3315,1.2271,35.2,12,0,5,7,2026-10-05 06:58:17.018449+00:00
AMERICAS,US-AZ,Phoenix,6.0151,0.0921,5.923,0.2413,1.0378,28.2,9,0,4,5,2026-10-05 06:58:17.018449+00:00
AMERICAS,US-OR,Portland,4.6512,0.0726,4.5786,0.2157,0.5369,17.2,23,0,10,13,2026-10-05 06:58:17.018449+00:00
AMERICAS,US-TX,Dallas,6.0663,0.0704,5.9961,0.2778,0.7736,22.1,9,0,4,5,2026-10-05 06:58:17.018449+00:00
AMERICAS,US-VA,Ashburn,3.3505,0.0787,3.2719,0.231,0.4016,15.1,34,0,8,26,2026-10-05 06:58:17.018449+00:00
AMERICAS,US-WA,Seattle,4.2685,0.0658,4.2029,0.3121,0.2718,12.0,6,0,2,4,2026-10-05 06:58:17.018449+00:00
APAC,India,Mumbai,4.5588,0.0897,4.4692,0.3371,1.0534,33.6,36,0,8,28,2026-10-05 06:58:17.018449+00:00
EUROPE,United Kingdom,London,6.1947,0.2955,5.8993,0.3238,0.3446,13.0,13,0,5,8,2026-10-05 06:58:17.018449+00:00
AMERICAS,US-NY,New York,0.2067,0.0763,0.1304,0.0302,0.2347,12.7,3,1,0,2,2026-10-05 06:58:17.018449+00:00
AMERICAS,US-OH,Columbus,4.1155,0.0839,4.0317,0.2053,0.2937,11.7,23,4,7,12,2026-10-05 06:58:17.018449+00:00
AFRICA,South Africa,Johannesburg,14.1803,0.117,14.0632,0.4174,0.5877,16.8,3,0,2,1,2026-10-05 15:57:21.366884+00:00
AMERICAS,Brazil,Sao Paulo,7.3595,0.098,7.2614,0.4754,0.6429,22.3,10,0,2,8,2026-10-05 15:57:21.366884+00:00
AMERICAS,Canada,Toronto,5.1121,0.069,5.0433,0.2932,0.4115,14.7,13,0,5,8,2026-10-05 15:57:21.366884+00:00
AMERICAS,US-AZ,Phoenix,6.0151,0.0921,5.923,0.2413,1.1289,30.3,9,0,4,5,2026-10-05 15:57:21.366884+00:00
AMERICAS,US-CA,Santa Clara,7.2998,0.2161,7.0837,0.2564,0.6984,19.6,12,0,7,5,2026-10-05 15:57:21.366884+00:00
AMERICAS,US-IA,Des Moines,5.8549,0.0761,5.7787,0.2285,0.4502,14.6,11,1,5,5,2026-10-05 15:57:21.366884+00:00
AMERICAS,US-IN,Indianapolis,0.14,0.0468,0.0932,0.0354,0.301,17.1,3,0,0,3,2026-10-05 15:57:21.366884+00:00
MENA,UAE,Dubai,6.7382,0.0793,6.6589,0.3315,1.12,32.5,12,0,5,7,2026-10-05 15:57:21.366884+00:00
AMERICAS,US-OH,Columbus,4.1155,0.0839,4.0317,0.2053,0.4637,16.0,23,4,7,12,2026-10-05 15:57:21.366884+00:00
AMERICAS,US-OR,Portland,4.6512,0.0726,4.5786,0.2157,0.4172,14.3,23,0,10,13,2026-10-05 15:57:21.366884+00:00
AMERICAS,US-TX,Dallas,6.0663,0.0704,5.9961,0.2778,0.8254,23.3,9,0,4,5,2026-10-05 15:57:21.366884+00:00
AMERICAS,US-VA,Ashburn,3.3505,0.0787,3.2719,0.231,0.5716,19.7,34,0,8,26,2026-10-05 15:57:21.366884+00:00
AMERICAS,US-WA,Seattle,4.2685,0.0658,4.2029,0.3121,0.2653,11.8,6,0,2,4,2026-10-05 15:57:21.366884+00:00
APAC,India,Mumbai,4.5588,0.0897,4.4692,0.3371,0.8813,28.8,36,0,8,28,2026-10-05 15:57:21.366884+00:00
EUROPE,United Kingdom,London,6.1947,0.2955,5.8993,0.3238,0.6678,21.2,13,0,5,8,2026-10-05 15:57:21.366884+00:00
AMERICAS,US-NY,New York,0.2067,0.0763,0.1304,0.0302,0.4147,19.2,3,1,0,2,2026-10-05 15:57:21.366884+00:00
APAC,Australia,Sydney,7.0127,0.1511,6.8616,0.3374,0.4815,16.2,14,0,6,8,2026-10-05 15:57:21.366884+00:00
AMERICAS,US-IL,Chicago,7.1496,0.0995,7.0503,0.2583,0.493,15.4,8,0,4,4,2026-10-05 15:57:21.366884+00:00
APAC,Indonesia,Jakarta,5.55,0.0848,5.4653,0.3203,0.907,28.3,6,0,3,3,2026-10-05 15:57:21.366884+00:00
APAC,Malaysia,Kuala Lumpur,9.5783,0.117,9.4615,0.218,1.126,25.9,3,0,3,0,2026-10-05 15:57:21.366884+00:00
APAC,Singapore,Singapore,3.728,0.1416,3.5864,0.1598,0.8119,27.2,18,5,3,10,2026-10-05 15:57:21.366884+00:00
APAC,South Korea,Seoul,6.3926,0.1115,6.2811,0.3131,0.3342,12.5,17,0,7,10,2026-10-05 15:57:21.366884+00:00
EUROPE,Finland,Helsinki,4.7363,0.1052,4.631,0.1104,0.4022,13.8,11,3,1,7,2026-10-05 15:57:21.366884+00:00
AMERICAS,US-NV,Las Vegas,0.6875,0.0705,0.6171,0.0959,0.7505,26.9,4,0,0,4,2026-10-05 15:57:21.366884+00:00
EUROPE,Germany,Frankfurt,3.1245,0.1756,2.9488,0.2377,0.6061,21.5,51,7,10,34,2026-10-05 15:57:21.366884+00:00
EUROPE,Ireland,Dublin,5.0599,0.1728,4.8872,0.2263,0.5955,18.9,11,0,3,8,2026-10-05 15:57:21.366884+00:00
EUROPE,Ukraine,Kyiv,0.4467,0.0819,0.3648,0.0435,0.402,15.3,3,3,0,0,2026-10-05 15:57:21.366884+00:00
EUROPE,France,Paris,3.4705,0.1352,3.3354,0.2837,0.6742,24.2,13,1,2,10,2026-10-05 15:57:21.366884+00:00
EUROPE,Poland,Warsaw,5.2762,0.1438,5.1325,0.2768,0.485,16.9,12,0,4,8,2026-10-05 15:57:21.366884+00:00
EUROPE,Romania,Bucharest,0.9467,0.1365,0.8102,0.044,0.646,22.0,3,3,0,0,2026-10-05 15:57:21.366884+00:00
EUROPE,Spain,Madrid,7.5389,0.1517,7.3873,0.2866,0.8476,23.8,9,1,4,4,2026-10-05 15:57:21.366884+00:00
EUROPE,Sweden,Stockholm,8.2195,0.0995,8.1201,0.3128,0.537,16.4,8,0,4,4,2026-10-05 15:57:21.366884+00:00
EUROPE,Switzerland,Zurich,8.1994,0.1939,8.0053,0.3655,0.7691,22.1,7,0,3,4,2026-10-05 15:57:21.366884+00:00
APAC,Japan,Tokyo,6.2397,0.1662,6.0736,0.3222,0.6081,19.8,27,2,8,17,2026-10-05 15:57:21.366884+00:00
EUROPE,Italy,Milan,6.2742,0.234,6.0402,0.308,0.688,21.9,6,0,1,5,2026-10-05 15:57:21.366884+00:00
EUROPE,Netherlands,Amsterdam,7.0505,0.169,6.8815,0.3274,0.6022,18.5,8,0,3,5,2026-10-05 15:57:21.366884+00:00
APAC,Malaysia,Kuala Lumpur,9.5783,0.117,9.4615,0.218,1.022,23.9,3,0,3,0,2026-10-05 22:35:39.724572+00:00
APAC,Singapore,Singapore,3.728,0.1416,3.5864,0.1598,0.7202,24.6,18,5,3,10,2026-10-05 22:35:39.724572+00:00
APAC,South Korea,Seoul,6.3926,0.1115,6.2811,0.3131,0.2737,11.0,17,0,7,10,2026-10-05 22:35:39.724572+00:00
EUROPE,Finland,Helsinki,4.7363,0.1052,4.631,0.1104,0.4312,14.5,11,3,1,7,2026-10-05 22:35:39.724572+00:00
EUROPE,France,Paris,3.4705,0.1352,3.3354,0.2837,0.4002,16.1,13,1,2,10,2026-10-05 22:35:39.724572+00:00
EUROPE,Germany,Frankfurt,3.1245,0.1756,2.9488,0.2377,0.2932,12.6,51,7,10,34,2026-10-05 22:35:39.724572+00:00
EUROPE,Ireland,Dublin,5.0599,0.1728,4.8872,0.2263,0.514,16.9,11,0,3,8,2026-10-05 22:35:39.724572+00:00
EUROPE,Ukraine,Kyiv,0.4467,0.0819,0.3648,0.0435,0.293,12.3,3,3,0,0,2026-10-05 22:35:39.724572+00:00
EUROPE,Netherlands,Amsterdam,7.0505,0.169,6.8815,0.3274,0.564,17.6,8,0,3,5,2026-10-05 22:35:39.724572+00:00
EUROPE,Poland,Warsaw,5.2762,0.1438,5.1325,0.2768,0.3701,13.9,12,0,4,8,2026-10-05 22:35:39.724572+00:00
EUROPE,Romania,Bucharest,0.9467,0.1365,0.8102,0.044,0.22,10.3,3,3,0,0,2026-10-05 22:35:39.724572+00:00
EUROPE,Spain,Madrid,7.5389,0.1517,7.3873,0.2866,0.626,18.7,9,1,4,4,2026-10-05 22:35:39.724572+00:00
EUROPE,Sweden,Stockholm,8.2195,0.0995,8.1201,0.3128,0.533,16.3,8,0,4,4,2026-10-05 22:35:39.724572+00:00
EUROPE,Switzerland,Zurich,8.1994,0.1939,8.0053,0.3655,0.4591,14.9,7,0,3,4,2026-10-05 22:35:39.724572+00:00
APAC,Japan,Tokyo,6.2397,0.1662,6.0736,0.3222,0.6469,20.8,27,2,8,17,2026-10-05 22:35:39.724572+00:00
EUROPE,Italy,Milan,6.2742,0.234,6.0402,0.308,0.5283,17.8,6,0,1,5,2026-10-05 22:35:39.724572+00:00
APAC,Indonesia,Jakarta,5.55,0.0848,5.4653,0.3203,0.8235,26.1,6,0,3,3,2026-10-05 22:35:39.724572+00:00
AMERICAS,US-NV,Las Vegas,0.6875,0.0705,0.6171,0.0959,1.0163,34.9,4,0,0,4,2026-10-05 22:35:39.724572+00:00
APAC,Australia,Sydney,7.0127,0.1511,6.8616,0.3374,0.6186,19.6,14,0,6,8,2026-10-05 22:35:39.724572+00:00
EUROPE,United Kingdom,London,6.1947,0.2955,5.8993,0.3238,0.5536,18.3,13,0,5,8,2026-10-05 22:35:39.724572+00:00
AFRICA,South Africa,Johannesburg,14.1803,0.117,14.0632,0.4174,0.377,12.3,3,0,2,1,2026-10-05 22:35:39.724572+00:00
AMERICAS,Brazil,Sao Paulo,7.3595,0.098,7.2614,0.4754,0.4579,17.1,10,0,2,8,2026-10-05 22:35:39.724572+00:00
AMERICAS,Canada,Toronto,5.1121,0.069,5.0433,0.2932,0.3129,12.2,13,0,5,8,2026-10-05 22:35:39.724572+00:00
AMERICAS,US-AZ,Phoenix,6.0151,0.0921,5.923,0.2413,1.3799,36.1,9,0,4,5,2026-10-05 22:35:39.724572+00:00
AMERICAS,US-CA,Santa Clara,7.2998,0.2161,7.0837,0.2564,1.1576,29.7,12,0,7,5,2026-10-05 22:35:39.724572+00:00
AMERICAS,US-IA,Des Moines,5.8549,0.0761,5.7787,0.2285,0.7935,22.5,11,1,5,5,2026-10-05 22:35:39.724572+00:00
AMERICAS,US-IL,Chicago,7.1496,0.0995,7.0503,0.2583,0.4665,14.8,8,0,4,4,2026-10-05 22:35:39.724572+00:00
AMERICAS,US-IN,Indianapolis,0.14,0.0468,0.0932,0.0354,0.385,20.7,3,0,0,3,2026-10-05 22:35:39.724572+00:00
AMERICAS,US-NY,New York,0.2067,0.0763,0.1304,0.0302,0.3617,17.3,3,1,0,2,2026-10-05 22:35:39.724572+00:00
AMERICAS,US-OH,Columbus,4.1155,0.0839,4.0317,0.2053,0.5422,18.0,23,4,7,12,2026-10-05 22:35:39.724572+00:00
AMERICAS,US-OR,Portland,4.6512,0.0726,4.5786,0.2157,0.7114,21.4,23,0,10,13,2026-10-05 22:35:39.724572+00:00
AMERICAS,US-TX,Dallas,6.0663,0.0704,5.9961,0.2778,1.0642,28.8,9,0,4,5,2026-10-05 22:35:39.724572+00:00
AMERICAS,US-VA,Ashburn,3.3505,0.0787,3.2719,0.231,0.5125,18.1,34,0,8,26,2026-10-05 22:35:39.724572+00:00
AMERICAS,US-WA,Seattle,4.2685,0.0658,4.2029,0.3121,0.465,17.5,6,0,2,4,2026-10-05 22:35:39.724572+00:00
APAC,India,Mumbai,4.5588,0.0897,4.4692,0.3371,0.8312,27.4,36,0,8,28,2026-10-05 22:35:39.724572+00:00
MENA,UAE,Dubai,6.7382,0.0793,6.6589,0.3315,1.0132,29.8,12,0,5,7,2026-10-05 22:35:39.724572+00:00
